Workbook

Sheet Assumptions
A1: Mal × i2c - 3-Year Card Projections | Assumptions
B3: Year 1 | C3: Year 2 | D3: Year 3
A5: RETAIL (CONSUMER)
A6: Cards issued cumulative | B6: 100000 | C6: 400000 | D6: 900000
A7: Activation rate | B7: 0.65 | C7: 0.7 | D7: 0.72
A8: Active card retention (year-end) | B8: 0.85 | C8: 0.82 | D8: 0.8
A9: Transactions per active card / month | B9: 8 | C9: 10 | D9: 12
A10: Average ticket value (USD) | B10: 85 | C10: 95 | D10: 105
A11: Domestic spend % (US-merchant) | B11: 0 | C11: 0 | D11: 0
A12: Domestic Purchase % (vs ATM) | B12: 0 | C12: 0 | D12: 0
A13: International Purchase % (vs ATM) | B13: 1 | C13: 1 | D13: 1
A15: SME (BUSINESS CARD) — VK PLEASE VERIFY YELLOW CELLS
A16: SME cards issued cumulative | B16: 3500 | C16: 12000 | D16: 35000
A17: SME activation rate | B17: 0.76 | C17: 0.79 | D17: 0.82
A18: SME retention (year-end) | B18: 0.92 | C18: 0.9 | D18: 0.88
A19: SME transactions per active card / month | B19: 6 | C19: 8 | D19: 10
A20: SME average ticket value (USD) | B20: 185 | C20: 225 | D20: 270
A21: SME Domestic spend % (US-merchant) | B21: 0.13 | C21: 0.11 | D21: 0.15
A22: SME Domestic Purchase % (vs ATM) | B22: 0 | C22: 0 | D22: 0
A23: SME International Purchase % (vs ATM) | B23: 0 | C23: 0 | D23: 0

Sheet Retail Projections
A1: Mal × i2c — Retail (Consumer) Card Projections
B3: Country: GLOBAL | C3: Year 1 | D3: Year 2 | E3: Year 3
B4: Type of cards: Debit, Prepaid
B6: Cards [Consumer] | C6: =Assumptions!B6 -> 100000 | D6: =Assumptions!C6 -> 400000 | E6: =Assumptions!D6 -> 900000
B7: Growth Cards % | D7: =IFERROR((D6/C6)-1,0) -> 3 | E7: =IFERROR((E6/D6)-1,0) -> 1.25
B8: Active cards (year-end) | C8: =Assumptions!B6*Assumptions!B7*Assumptions!B8 -> 55250 | D8: =Assumptions!C6*Assumptions!C7*Assumptions!C8 -> 229600 | E8: =Assumptions!D6*Assumptions!D7*Assumptions!D8 -> 518400
B9: Active cards (avg during year) | C9: =C8/2 -> 27625 | D9: =(C8+D8)/2 -> 142425 | E9: =(D8+E8)/2 -> 374000
B10: Spend/Card/Year $ [Consumer] | C10: =Assumptions!B9*12*Assumptions!B10 -> 8160 | D10: =Assumptions!C9*12*Assumptions!C10 -> 11400 | E10: =Assumptions!D9*12*Assumptions!D10 -> 15120
B11: Growth Spend/Card % | D11: =IFERROR((D10/C10)-1,0) -> 0.39705882 | E11: =IFERROR((E10/D10)-1,0) -> 0.32631579
B12: Transactions/Card/Year [Consumer] | C12: =Assumptions!B9*12 -> 96 | D12: =Assumptions!C9*12 -> 120 | E12: =Assumptions!D9*12 -> 144
B13: Growth Txns/Card % | D13: =IFERROR((D12/C12)-1,0) -> 0.25 | E13: =IFERROR((E12/D12)-1,0) -> 0.2
A15: Spend
B16: Domestic | C16: =C9*C10*Assumptions!B11 -> 0 | D16: =D9*D10*Assumptions!C11 -> 0 | E16: =E9*E10*Assumptions!D11 -> 0
B17: Purchase | C17: =C16*Assumptions!B12 -> 0 | D17: =D16*Assumptions!C12 -> 0 | E17: =E16*Assumptions!D12 -> 0
B18: Cash (ATM) | C18: =C16-C17 -> 0 | D18: =D16-D17 -> 0 | E18: =E16-E17 -> 0
B19: International | C19: =C9*C10*(1-Assumptions!B11) -> 225420000 | D19: =D9*D10*(1-Assumptions!C11) -> 1623645000 | E19: =E9*E10*(1-Assumptions!D11) -> 5654880000
B20: Purchase | C20: =C19*Assumptions!B13 -> 225420000 | D20: =D19*Assumptions!C13 -> 1623645000 | E20: =E19*Assumptions!D13 -> 5654880000
B21: Cash (ATM) | C21: =C19-C20 -> 0 | D21: =D19-D20 -> 0 | E21: =E19-E20 -> 0
B22: TOTAL SPEND | C22: =C16+C19 -> 225420000 | D22: =D16+D19 -> 1623645000 | E22: =E16+E19 -> 5654880000
A24: Transactions
B25: Domestic | C25: =C9*C12*Assumptions!B11 -> 0 | D25: =D9*D12*Assumptions!C11 -> 0 | E25: =E9*E12*Assumptions!D11 -> 0
B26: Purchase | C26: =C25*Assumptions!B12 -> 0 | D26: =D25*Assumptions!C12 -> 0 | E26: =E25*Assumptions!D12 -> 0
B27: Cash (ATM) | C27: =C25-C26 -> 0 | D27: =D25-D26 -> 0 | E27: =E25-E26 -> 0
B28: International | C28: =C9*C12*(1-Assumptions!B11) -> 2652000 | D28: =D9*D12*(1-Assumptions!C11) -> 17091000 | E28: =E9*E12*(1-Assumptions!D11) -> 53856000
B29: Purchase | C29: =C28*Assumptions!B13 -> 2652000 | D29: =D28*Assumptions!C13 -> 17091000 | E29: =E28*Assumptions!D13 -> 53856000
B30: Cash (ATM) | C30: =C28-C29 -> 0 | D30: =D28-D29 -> 0 | E30: =E28-E29 -> 0
B31: TOTAL TRANSACTIONS | C31: =C25+C28 -> 2652000 | D31: =D25+D28 -> 17091000 | E31: =E25+E28 -> 53856000

Sheet SME Projections
A1: Mal × i2c — SME (Business Card) Projections
B3: Country: GLOBAL | C3: Year 1 | D3: Year 2 | E3: Year 3
B4: Type of cards: Commercial Debit
B6: Cards [SME] | C6: =Assumptions!B16 -> 3500 | D6: =Assumptions!C16 -> 12000 | E6: =Assumptions!D16 -> 35000
B7: Growth Cards % | D7: =IFERROR((D6/C6)-1,0) -> 2.4285714 | E7: =IFERROR((E6/D6)-1,0) -> 1.9166667
B8: Active cards (year-end) | C8: =Assumptions!B16*Assumptions!B17*Assumptions!B18 -> 2447.2 | D8: =Assumptions!C16*Assumptions!C17*Assumptions!C18 -> 8532 | E8: =Assumptions!D16*Assumptions!D17*Assumptions!D18 -> 25256
B9: Active cards (avg during year) | C9: =C8/2 -> 1223.6 | D9: =(C8+D8)/2 -> 5489.6 | E9: =(D8+E8)/2 -> 16894
B10: Spend/Card/Year $ [SME] | C10: =Assumptions!B19*12*Assumptions!B20 -> 13320 | D10: =Assumptions!C19*12*Assumptions!C20 -> 21600 | E10: =Assumptions!D19*12*Assumptions!D20 -> 32400
B11: Growth Spend/Card % | D11: =IFERROR((D10/C10)-1,0) -> 0.62162162 | E11: =IFERROR((E10/D10)-1,0) -> 0.5
B12: Transactions/Card/Year [SME] | C12: =Assumptions!B19*12 -> 72 | D12: =Assumptions!C19*12 -> 96 | E12: =Assumptions!D19*12 -> 120
B13: Growth Txns/Card % | D13: =IFERROR((D12/C12)-1,0) -> 0.33333333 | E13: =IFERROR((E12/D12)-1,0) -> 0.25
A15: Spend
B16: Domestic | C16: =C9*C10*Assumptions!B21 -> 2118785.8 | D16: =D9*D10*Assumptions!C21 -> 13043290 | E16: =E9*E10*Assumptions!D21 -> 82104840
B17: Cash (ATM) | C17: =C16*Assumptions!B22 -> 0 | D17: =D16*Assumptions!C22 -> 0 | E17: =E16*Assumptions!D22 -> 0
B18: Purchase | C18: =C16-C17 -> 2118785.8 | D18: =D16-D17 -> 13043290 | E18: =E16-E17 -> 82104840
B19: International | C19: =C9*C10*(1-Assumptions!B21) -> 14179566 | D19: =D9*D10*(1-Assumptions!C21) -> 1.0553207e+08 | E19: =E9*E10*(1-Assumptions!D21) -> 465260760
B20: Cash (ATM) | C20: =C19*Assumptions!B23 -> 0 | D20: =D19*Assumptions!C23 -> 0 | E20: =E19*Assumptions!D23 -> 0
B21: Purchase | C21: =C19-C20 -> 14179566 | D21: =D19-D20 -> 1.0553207e+08 | E21: =E19-E20 -> 465260760
B22: TOTAL SPEND | C22: =C16+C19 -> 16298352 | D22: =D16+D19 -> 118575360 | E22: =E16+E19 -> 547365600
A24: Transactions
B25: Domestic | C25: =C9*C12*Assumptions!B21 -> 11452.896 | D25: =D9*D12*Assumptions!C21 -> 57970.176 | E25: =E9*E12*Assumptions!D21 -> 304092
B26: Cash (ATM) | C26: =C25*Assumptions!B22 -> 0 | D26: =D25*Assumptions!C22 -> 0 | E26: =E25*Assumptions!D22 -> 0
B27: Purchase | C27: =C25-C26 -> 11452.896 | D27: =D25-D26 -> 57970.176 | E27: =E25-E26 -> 304092
B28: International | C28: =C9*C12*(1-Assumptions!B21) -> 76646.304 | D28: =D9*D12*(1-Assumptions!C21) -> 469031.42 | E28: =E9*E12*(1-Assumptions!D21) -> 1723188
B29: Cash (ATM) | C29: =C28*Assumptions!B23 -> 0 | D29: =D28*Assumptions!C23 -> 0 | E29: =E28*Assumptions!D23 -> 0
B30: Purchase | C30: =C28-C29 -> 76646.304 | D30: =D28-D29 -> 469031.42 | E30: =E28-E29 -> 1723188
B31: TOTAL TRANSACTIONS | C31: =C25+C28 -> 88099.2 | D31: =D25+D28 -> 527001.6 | E31: =E25+E28 -> 2027280
